timestamp_s,est_x_m,est_y_m,est_z_m,gt_x_m,gt_y_m,gt_z_m,planar_error_m,error_x_m,error_y_m,abs_error_x_m,abs_error_y_m,error_z_m
1786799183.944842,-11.404491754642406,-2.001283807402643,0.7362991189885343,-11.40449328041145,-2.00128379857526,0.7446181026912716,1.5257945788844027e-06,1.5257690435532822e-06,-8.82738282470541e-09,1.5257690435532822e-06,8.82738282470541e-09,0.008318983702737315
1786799185.344909,-11.26422494714948,-2.001362633204501,0.7347659699823911,-11.283321400464985,-2.000819678744455,0.7427853745224828,0.019104170455085438,0.019096453315505357,-0.0005429544600459302,0.019096453315505357,0.0005429544600459302,0.008019404540091757
1786799186.561696,-11.178480868199228,-2.003096745625121,0.7358538130811622,-11.146490683119719,-2.0006111226445666,0.7453324242466945,0.03208660566377705,-0.03199018507950946,-0.002485622980554325,0.03199018507950946,0.002485622980554325,0.009478611165532391
1786799187.561735,-11.108739228160731,-2.00572507983731,0.73546253640138,-11.022435157130872,-2.0004719916776,0.7445745425388284,0.08646379364532138,-0.08630407102985949,-0.005253088159709929,0.08630407102985949,0.005253088159709929,0.009112006137448336
1786799188.428364,-10.986822050997977,-2.007701573900728,0.7354174709659094,-10.912980847998202,-2.0003534257778512,0.7428018232261672,0.07420591985340334,-0.07384120299977504,-0.007348148122876541,0.07384120299977504,0.007348148122876541,0.007384352260257798
1786799189.645056,-10.883096846853656,-2.007514303993946,0.7347375318117109,-10.760172867380446,-2.000430210944412,0.7425800025973226,0.12312793795018523,-0.12292397947321021,-0.007084093049534168,0.12292397947321021,0.007084093049534168,0.007842470785611733
1786799190.778373,-10.787634211912781,-2.0092057571547883,0.7340184192197912,-10.618443020966737,-2.000275559834483,0.7451090678570842,0.1694267024937936,-0.1691911909460444,-0.008930197320305311,0.1691911909460444,0.008930197320305311,0.011090648637293032
1786799191.545062,-10.681496902206252,-2.010634336330724,0.7356130535000476,-10.521289886005082,-2.0001194578300745,0.7449934509882113,0.16055170727826396,-0.16020701620116995,-0.010514878500649694,0.16020701620116995,0.010514878500649694,0.009380397488163772
1786799192.511784,-10.543660281229405,-2.0107425195943964,0.7355029828205905,-10.398338449963308,-2.000065753073003,0.7432143644761552,0.14571351339489513,-0.14532183126609688,-0.0106767665213936,0.14532183126609688,0.0106767665213936,0.007711381655564731
1786799194.211765,-10.425619170341957,-2.0110397318771427,0.7355523626071064,-10.181331090621585,-1.9998707046731767,0.7440061290686506,0.24454327441610332,-0.2442880797203717,-0.011169027203965953,0.2442880797203717,0.011169027203965953,0.008453766461544165
1786799195.845065,-10.291665080655418,-2.012232867808076,0.7350926362519703,-9.972448883156133,-1.99976419033371,0.7448906311814895,0.31945961977042187,-0.3192161974992853,-0.012468677474366086,0.3192161974992853,0.012468677474366086,0.00979799492951916
1786799197.011904,-10.194471418001957,-2.013380612961833,0.7345373166791039,-9.823303141111223,-2.0000474889818154,0.742659231543502,0.37140767623341153,-0.3711682768907334,-0.013333123980017625,0.3711682768907334,0.013333123980017625,0.008121914864398061
1786799198.0119,-10.107381575367357,-2.0176665951591883,0.7342974994655639,-9.694106225620823,-1.9998702708699876,0.7424783850028853,0.4136583419518175,-0.41327534974653446,-0.01779632428920075,0.41327534974653446,0.01779632428920075,0.008180885537321436
1786799199.07863,-10.029712597058175,-2.0204485057658914,0.7345028000594251,-9.557924495203483,-2.0000173441936666,0.7448284292672632,0.4722302885402878,-0.4717881018546919,-0.0204311615722248,0.4717881018546919,0.0204311615722248,0.010325629207838083
1786799200.178537,-9.92696654690262,-2.0227623629400493,0.7363660245542198,-9.417519700384421,-1.9999674112280101,0.7443501431325703,0.509956566043512,-0.5094468465181983,-0.022794951712039158,0.5094468465181983,0.022794951712039158,0.007984118578350463
1786799201.178687,-9.661949217795533,-2.017685891945222,0.7365297320002436,-9.287772977655344,-1.999891450741332,0.7430400847595219,0.37459912015807917,-0.3741762401401889,-0.017794441203889955,0.3741762401401889,0.017794441203889955,0.006510352759278248
1786799201.9786,-9.548809477762859,-2.0180594993711045,0.7354893724619159,-9.18497032857254,-2.00012042238058,0.7419604723139103,0.3642811235389604,-0.36383914919031923,-0.017939076990524327,0.36383914919031923,0.017939076990524327,0.006471099851994344
1786799203.445267,-9.47203855307766,-2.0202996665078454,0.734071136928537,-8.996191119142013,-1.9997889742991042,0.7430537107203223,0.4762892701688976,-0.47584743393564644,-0.020510692208741244,0.47584743393564644,0.020510692208741244,0.008982573791785353
1786799204.46196,-9.391524445474975,-2.0218978453570147,0.7356678396315283,-8.868516852909574,-2.000078036951594,0.7456218151983597,0.5234625544582017,-0.523007592565401,-0.021819808405420638,0.523007592565401,0.021819808405420638,0.009953975566831419
1786799205.728786,-9.276494028443112,-2.0236521955764495,0.7359313705748544,-8.705986440491078,-1.9998200405702373,0.7428862448321807,0.5710051484208253,-0.5705075879520347,-0.023832155006212163,0.5705075879520347,0.023832155006212163,0.006954874257326327
1786799206.678641,-9.142683665546684,-2.022412705533703,0.7351959814205623,-8.582544356406846,-2.000166577113314,0.7424273748833904,0.560580891462911,-0.5601393091398386,-0.022246128420388978,0.5601393091398386,0.022246128420388978,0.007231393462828084
1786799208.378735,-9.037050758667633,-2.0240970939251395,0.7358164957486264,-8.364572928399037,-1.999959521858941,0.7448793435775685,0.6729108816091544,-0.6724778302685959,-0.024137572066198487,0.6724778302685959,0.024137572066198487,0.009062847828942067
1786799209.112087,-8.810853301394914,-2.019756819974883,0.735658315530477,-8.270829201656275,-2.000180303806809,0.7440574644353425,0.5403788192405462,-0.5400240997386394,-0.01957651616807432,0.5400240997386394,0.01957651616807432,0.008399148904865483
1786799209.645406,-8.620351686182811,-2.017378650813751,0.7349493381803344,-8.201370496176928,-2.0000306398207495,0.7436901151891974,0.4193401853676315,-0.4189811900058835,-0.017348010993001317,0.4189811900058835,0.017348010993001317,0.008740777008862999
1786799210.278807,-8.405990706213494,-2.009912934836742,0.7356632721811869,-8.119217097665432,-1.9998208762756877,0.7428405322110057,0.2869511320864178,-0.2867736085480619,-0.01009205856105444,0.2867736085480619,0.01009205856105444,0.007177260029818777
1786799211.395475,-8.31128089879218,-2.011668595955939,0.7347233366171534,-7.973543678213665,-2.0001275881163725,0.7418365682729674,0.3379343501718249,-0.3377372205785152,-0.011541007839566575,0.3377372205785152,0.011541007839566575,0.007113231655814012
1786799212.428868,-8.214424695993635,-2.014742158845628,0.7341863942665798,-7.8398653302660435,-1.9998248927385254,0.7422305662114432,0.37485629684235805,-0.37455936572759185,-0.014917266107102423,0.37455936572759185,0.014917266107102423,0.008044171944863399
1786799212.995457,-8.031060402922513,-2.008931390088609,0.73397480145029,-7.767072521529316,-1.9998378336781788,0.7434778269239191,0.2641444572400834,-0.26398788139319684,-0.009093556410430192,0.26398788139319684,0.009093556410430192,0.009503025473629023
1786799213.328831,-7.878761061148465,-2.007790343933265,0.7357025725130617,-7.724927993793137,-1.9999744691408645,0.7443345895674878,0.1540314919447299,-0.1538330673553281,-0.007815874792400423,0.1538330673553281,0.007815874792400423,0.008632017054426067
1786799213.862213,-7.690923191189704,-2.0068023198592586,0.7366008171797186,-7.657620959962301,-2.0001200621700397,0.7453731044956053,0.03396602968479696,-0.0333022312274025,-0.006682257689218929,0.0333022312274025,0.006682257689218929,0.008772287315886751
1786799214.395513,-7.506933897987335,-2.0063003414307183,0.7363670207094412,-7.589352528662779,-1.9999857508754433,0.7451834291137389,0.08266017624162196,0.08241863067544397,-0.006314590555275057,0.08241863067544397,0.006314590555275057,0.00881640840429776
1786799215.495569,-7.2433100431604345,-1.9997324821489595,0.735883557467264,-7.446521336682892,-1.9998756260943258,0.7425927841730062,0.20321134393842158,0.20321129352245748,0.0001431439453662975,0.20321129352245748,0.0001431439453662975,0.006709226705742255
1786799216.17889,-7.030817697608876,-1.9982425768427985,0.7339315021117806,-7.357789163393358,-2.0000942198973135,0.7422639681263106,0.3269767086800736,0.32697146578448155,0.0018516430545150175,0.32697146578448155,0.0018516430545150175,0.008332466014529971
1786799217.562235,-6.999010685268105,-2.0011161222675433,0.7353354816501625,-7.181872075228907,-1.9994987048670327,0.7451112670496285,0.18286854288653384,0.18286138996080226,-0.001617417400510579,0.18286138996080226,0.001617417400510579,0.009775785399465997
1786799219.062369,-6.992377988563339,-2.0051184840311214,0.733691087675114,-6.988508173181679,-1.9990581474008464,0.7434130964938812,0.007190490328231001,-0.003869815381659869,-0.006060336630274943,0.003869815381659869,0.006060336630274943,0.00972200881876717
1786799220.628993,-6.993482111587657,-2.0090387528987588,0.7336938085067516,-6.7855562760494665,-1.9990936051922288,0.7428642869639441,0.20816353918772418,-0.2079258355381901,-0.009945147706529989,0.2079258355381901,0.009945147706529989,0.009170478457192544
1786799221.028932,-6.92649181273669,-2.0128938971964927,0.7349075139542002,-6.733946323324235,-1.999145007707461,0.7430325903806546,0.19303574139330582,-0.19254548941245453,-0.013748889489031635,0.19254548941245453,0.013748889489031635,0.008125076426454436
1786799221.795701,-6.873319985882864,-2.0117500401292507,0.7335740539134956,-6.6345053265410785,-1.9988654531447996,0.7419891400906082,0.23916198297031413,-0.23881465934178525,-0.012884586984451163,0.23881465934178525,0.012884586984451163,0.008415086177112618
1786799223.0291,-6.783551345524068,-2.013073159021908,0.7345709720684961,-6.463742467078297,-1.9871152257562505,0.7436663932989079,0.32086061308949476,-0.3198088784457713,-0.02595793326565743,0.3198088784457713,0.02595793326565743,0.009095421230411849
1786799223.879075,-6.736882727219255,-2.0022076829622435,0.7345162198215478,-6.346055733287672,-1.955518592751577,0.7433427522057335,0.39360590738744927,-0.39082699393158293,-0.04668909021066647,0.39082699393158293,0.04668909021066647,0.008826532384185737
1786799224.879116,-6.523064640320259,-1.8852697096161812,0.7336145602767301,-6.221744356069149,-1.8909669435199168,0.742641131694085,0.3013741398582884,-0.30132028425110935,0.005697233903735555,0.30132028425110935,0.005697233903735555,0.009026571417354856
1786799225.879064,-6.457241544782532,-1.8251904029883472,0.7343455164250361,-6.110198267222461,-1.8221570007634025,0.7417435635867705,0.34705653434086914,-0.34704327756007114,-0.003033402224944748,0.34704327756007114,0.003033402224944748,0.007398047161734422
1786799227.212407,-6.268964621211895,-1.722602486428054,0.7345674672083728,-5.96673701939393,-1.7433339851047303,0.7430388990910197,0.3029378126580094,-0.3022276018179646,0.02073149867667623,0.3022276018179646,0.02073149867667623,0.008471431882646874
1786799228.945755,-6.08458177850899,-1.6420978020990213,0.7340716884623868,-5.76838006522815,-1.654139017258438,0.7427559959976294,0.3164308997937053,-0.3162017132808401,0.012041215159416696,0.3162017132808401,0.012041215159416696,0.00868430753524263
1786799229.545812,-5.999980189522255,-1.6137700012131524,0.734395409703542,-5.6963470266421545,-1.6266777683700377,0.7432143857305606,0.30390740045867554,-0.3036331628801001,0.012907767156885352,0.3036331628801001,0.012907767156885352,0.008818976027018643
1786799230.345783,-5.880694742468664,-1.5729049517829026,0.7354493735953423,-5.602478100531014,-1.5916591865608167,0.7436751977518843,0.27884802522730506,-0.27821664193765017,0.01875423477791416,0.27821664193765017,0.01875423477791416,0.008225824156541939
1786799230.912474,-5.817340669491633,-1.5539749085538748,0.7342500171633236,-5.534937768295296,-1.5672283522394497,0.7436590153181024,0.2827137286614058,-0.2824029011963374,0.013253443685574906,0.2824029011963374,0.013253443685574906,0.009408998154778803
1786799232.445884,-5.605262371946823,-1.4787596729038868,0.7335573330772871,-5.354916284688418,-1.5002482175984944,0.7422088784562001,0.2512666331980537,-0.25034608725840535,0.021488544694607592,0.25034608725840535,0.021488544694607592,0.008651545378912995
1786799233.012578,-5.524626682538007,-1.4503636785447767,0.7340329150882906,-5.2878428304094065,-1.4738123857517162,0.7424932001463938,0.23794208223543759,-0.23678385212860054,0.02344870720693959,0.23678385212860054,0.02344870720693959,0.008460285058103145
1786799234.145955,-5.390420391731954,-1.3955889716828755,0.7345198637822904,-5.15360245703044,-1.419980473172114,0.7436409212766849,0.2380707448242853,-0.2368179347015138,0.02439150148923841,0.2368179347015138,0.02439150148923841,0.009121057494394513
1786799235.145891,-5.25705644921687,-1.343578304697549,0.7343924424273608,-5.0353759737212735,-1.3705720761014917,0.7434568440363041,0.22331792787539964,-0.22168047549559677,0.026993771403942768,0.22168047549559677,0.026993771403942768,0.009064401608943284
1786799235.912559,-5.17351410824261,-1.3110765816212535,0.735634244232384,-4.943813434018681,-1.3324261134214068,0.7439260106551832,0.23069070689347998,-0.22970067422392937,0.02134953180015331,0.22970067422392937,0.02134953180015331,0.008291766422799163
1786799236.962657,-5.0353698234788435,-1.2566096669542404,0.7348996505999243,-4.818890214541552,-1.2806139123088853,0.7428823747194923,0.21780639311252686,-0.21647960893729135,0.02400424535464496,0.21647960893729135,0.02400424535464496,0.007982724119567908
1786799238.579313,-4.864511120517528,-1.1796822275661494,0.7332017074382139,-4.626778818276884,-1.2014511883919188,0.7429814225898527,0.23872690502762886,-0.23773230224064346,0.0217689608257694,0.23773230224064346,0.0217689608257694,0.00977971515163878
1786799240.112695,-4.658650704557179,-1.0989548068169968,0.7351039832207074,-4.447968591001726,-1.129159190624885,0.7448536511684773,0.21283622288841428,-0.2106821135554524,0.030204383807888258,0.2106821135554524,0.030204383807888258,0.009749667947769991
1786799240.712731,-4.577479926240443,-1.0710914828775258,0.7346674950275618,-4.375893626002984,-1.099876913620037,0.7439506789988004,0.20363113088734433,-0.20158630023745872,0.028785430742511275,0.20158630023745872,0.028785430742511275,0.009283183971238618
1786799241.979358,-4.425002198389176,-1.0082818005252587,0.735696114478339,-4.222356588151483,-1.03816881638707,0.7437843832651032,0.2048376846816313,-0.20264561023769367,0.029887015861811195,0.20264561023769367,0.029887015861811195,0.008088268786764163
1786799243.146057,-4.285590938015552,-0.9560145229637066,0.7343509810574202,-4.08463132124568,-0.981343172195904,0.7445991376304971,0.2025495199802304,-0.20095961676987262,0.025328649232197353,0.20095961676987262,0.025328649232197353,0.010248156573076872
1786799244.062775,-4.173017527989686,-0.9086739290959587,0.7354302227844007,-3.9752495198755047,-0.936074658884114,0.7433891472940437,0.19965716873274184,-0.19776800811418171,0.02740072978815533,0.19776800811418171,0.02740072978815533,0.007958924509642973
1786799245.562858,-3.9873485628800704,-0.8349024252706124,0.7342718708177136,-3.7954442310561576,-0.862392979643236,0.7427909969058941,0.1938633620684853,-0.19190433182391287,0.0274905543726236,0.19190433182391287,0.0274905543726236,0.008519126088180506
1786799248.229561,-3.6604951314616123,-0.7012237104800285,0.7347106238381661,-3.47895254979835,-0.7329642764724332,0.7433741442625369,0.18429642559333717,-0.18154258166326231,0.03174056599240471,0.18154258166326231,0.03174056599240471,0.008663520424370796
1786799250.16292,-3.443844825485327,-0.6151529051705422,0.73392367456825,-3.2474124677408502,-0.6390851255416308,0.7433060851556503,0.1978848714301942,-0.19643235774447687,0.023932220371088553,0.19643235774447687,0.023932220371088553,0.009382410587400303
1786799251.379664,-3.3006773507306426,-0.5636573897554145,0.733878860109237,-3.103219164651357,-0.5801592062146924,0.744451681001698,0.19814652456244952,-0.19745818607928545,0.01650181645927795,0.19745818607928545,0.01650181645927795,0.010572820892461032
1786799252.262949,-3.2056217943499483,-0.5301195383811936,0.7339414525446417,-2.997696305589569,-0.5375720516384072,0.7435377905466714,0.2080590032420888,-0.2079254887603792,0.007452513257213522,0.2079254887603792,0.007452513257213522,0.009596338002029636
1786799253.162933,-3.0918443950308125,-0.4894826938042687,0.7341647904952009,-2.8896103308202425,-0.4933948227864822,0.743409950860236,0.20227189987810573,-0.20223406421057,0.0039121289822135474,0.20223406421057,0.0039121289822135474,0.009245160365035088
1786799254.062937,-2.852988193170413,-0.44416217782642986,0.7370735317069269,-2.7765297377485263,-0.44942392107414514,0.7445540828261049,0.07663929375656779,-0.07645845542188656,0.005261743247715278,0.07645845542188656,0.005261743247715278,0.007480551119178003
1786799255.896381,-2.467565487412891,-0.4430581570339127,0.7357363743218482,-2.518480100332487,-0.41189273554603384,0.7409932668918628,0.059695739423089846,0.05091461291959609,-0.031165421487878875,0.05091461291959609,0.031165421487878875,0.005256892570014604
1786799256.512964,-2.3938740462569896,-0.46727400974636035,0.7318822639296381,-2.431469059082,-0.4240940900848447,0.7382859779286449,0.05725286413174142,0.03759501282501043,-0.04317991966151563,0.03759501282501043,0.04317991966151563,0.006403713999006855
1786799257.679774,-2.1636745820529244,-0.5161896389181556,0.7330105175046286,-2.2826462877754166,-0.45641240044246545,0.7443799904294344,0.133144977382922,0.11897170572249216,-0.059777238475690164,0.11897170572249216,0.059777238475690164,0.011369472924805724
1786799258.646414,-2.0120288262889763,-0.550884129618944,0.7348846395208847,-2.1703527244965337,-0.4759342354536654,0.7452808127412185,0.1751683286984935,0.15832389820755743,-0.07494989416527853,0.15832389820755743,0.07494989416527853,0.010396173220333815
1786799259.479826,-1.902192823170059,-0.5711237943878207,0.7342248958799711,-2.068149993483941,-0.49114168646046097,0.741842817893789,0.1842251881993735,0.1659571703138818,-0.07998210792735971,0.1659571703138818,0.07998210792735971,0.007617922013817946
1786799260.64639,-1.7060426816824328,-0.599033368815152,0.7344181021345335,-1.9218519001016454,-0.5016467307396828,0.7419015916245576,0.2367652339984776,0.21580921841921263,-0.09738663807546921,0.21580921841921263,0.09738663807546921,0.007483489490024087
1786799261.996475,-1.5417287857197723,-0.6114464513125315,0.7349305918421208,-1.7522546538391,-0.5043649103069003,0.7427994192760404,0.2361939829283066,0.2105258681193276,-0.10708154100563116,0.2105258681193276,0.10708154100563116,0.00786882743391959
1786799262.979794,-1.385234597849863,-0.6210018687788985,0.7339939759501413,-1.628308562193535,-0.5038441493339014,0.7439712111240945,0.2698349187323637,0.2430739643436719,-0.11715771944499709,0.2430739643436719,0.11715771944499709,0.009977235173953214
1786799264.429917,-1.2033980888126479,-0.6356938028914549,0.7335009462014005,-1.4491760309847255,-0.5051294055323441,0.7431845256453582,0.27830533361056686,0.2457779421720776,-0.13056439735911085,0.2457779421720776,0.13056439735911085,0.009683579443957702
1786799265.329863,-1.059649205289558,-0.65134772173682,0.7337137984723187,-1.33385967811402,-0.5080448115072669,0.7410072512798642,0.30939797589330525,0.27421047282446187,-0.1433029102295531,0.27421047282446187,0.1433029102295531,0.007293452807545564
1786799267.129961,-0.8324964901539929,-0.6705103123314233,0.7356576041297171,-1.1050672351572233,-0.5176882629537489,0.7441029352278954,0.3124890234993998,0.2725707450032304,-0.1528220493776744,0.2725707450032304,0.1528220493776744,0.008445331098178244
1786799267.630111,-0.7349535647446519,-0.69010992407193,0.7358606710866378,-1.042001979571887,-0.5205808599965448,0.7452050558579796,0.3507404063038558,0.307048414827235,-0.16952906407538515,0.307048414827235,0.16952906407538515,0.009344384771341807
1786799268.71328,-0.5749970157801547,-0.7110299858546121,0.736381063951633,-0.9028094262397404,-0.5266213667846893,0.7436534817747821,0.3761216761084101,0.32781241045958565,-0.18440861906992279,0.32781241045958565,0.18440861906992279,0.007272417823149024
1786799270.079953,-0.3772428994686736,-0.7335593979418594,0.7350583760872859,-0.7246575800234121,-0.534805556307388,0.7425576798803172,0.40024998417165675,0.34741468055473845,-0.1987538416344714,0.34741468055473845,0.1987538416344714,0.00749930379303132
1786799270.896732,-0.23790525907437132,-0.7532860310904944,0.7362466222610753,-0.619598783327676,-0.5388579600562156,0.743791688089123,0.4378005757241416,0.3816935242533047,-0.21442807103427886,0.3816935242533047,0.21442807103427886,0.007545065828047703
1786799271.529993,-0.14198483022695463,-0.7676265541953742,0.736713702432879,-0.5386591619420479,-0.5423057362681167,0.7443514964518172,0.45620170586378145,0.39667433171509325,-0.22532081792725744,0.39667433171509325,0.22532081792725744,0.00763779401893816
1786799272.480033,0.006398681274828455,-0.7862135136134448,0.7364998406089448,-0.4171856933775954,-0.5472726113680755,0.7442312081193243,0.4863295973056916,0.4235843746524239,-0.23894090224536935,0.4235843746524239,0.23894090224536935,0.007731367510379505
1786799275.563455,-0.0003648768732276153,-0.8204348577689076,0.736826202895585,-0.024959699965320346,-0.5626804265070311,0.7443679763040085,0.25892518641118084,0.02459482309209273,-0.25775443126187647,0.02459482309209273,0.25775443126187647,0.007541773408423547
1786799276.730071,0.15437109181323017,-0.8329292832710116,0.7359374724156513,0.1250181332244738,-0.5688703076784069,0.7447194744128296,0.2656854131655125,0.02935295858875636,-0.2640589755926047,0.02935295858875636,0.2640589755926047,0.008782001997178268
1786799277.83014,0.3222353487001417,-0.8535606551294581,0.7362129985527498,0.26665829655322415,-0.5794651125436465,0.7446709043886365,0.2796733365745681,0.05557705214691755,-0.2740955425858116,0.05557705214691755,0.2740955425858116,0.008457905835886681
1786799279.463566,0.5564305451961822,-1.0012904461312933,0.7356572413303126,0.4562376173618002,-0.7148399887262491,0.7435645563720701,0.3034674403219968,0.100192927834382,-0.28645045740504416,0.100192927834382,0.28645045740504416,0.007907315041757457
1786799281.330248,0.8120201733925247,-1.2368389085892297,0.7361550710625182,0.6731580292890232,-0.9337270389539414,0.7454663346497623,0.33340590963392003,0.1388621441035015,-0.30311186963528836,0.1388621441035015,0.30311186963528836,0.0093112635872441
1786799283.996907,0.8503219910076636,-1.2483455924465043,0.7345408377789043,1.0270088584852803,-1.3197867568803618,0.7421160676591606,0.19058354890891913,-0.17668686747761675,0.0714411644338575,0.17668686747761675,0.0714411644338575,0.007575229880256273
1786799284.563702,0.9574087354248269,-1.3066997355464953,0.734651322992882,1.0855896571624624,-1.3681861788362963,0.7429116930932925,0.14216515538605004,-0.1281809217376355,0.06148644328980102,0.1281809217376355,0.06148644328980102,0.008260370100410475
1786799285.963597,1.115331314026505,-1.3604170860952174,0.7355599984870516,1.2258980808075954,-1.4096206699400728,0.7437642350948346,0.12102067005103609,-0.11056676678109034,0.04920358384485546,0.11056676678109034,0.04920358384485546,0.008204236607783022
1786799288.196972,1.3369867098042727,-1.2967241526996305,0.734692719563187,1.475767215334202,-1.3491054105672626,0.7435380196661,0.1483368628862635,-0.13878050552992938,0.05238125786763215,0.13878050552992938,0.05238125786763215,0.008845300102912956
1786799289.330368,1.471111037190704,-1.264956250377316,0.7338326417152925,1.592460670591282,-1.3070367169799504,0.743525745351933,0.12843869820248935,-0.12134963340057814,0.042080466602634425,0.12134963340057814,0.042080466602634425,0.009693103636640554
1786799290.847024,1.6249307684982015,-1.2275749853376539,0.7344254767891811,1.7485994726495446,-1.2625915438618205,0.7434326898350337,0.12853057129472667,-0.12366870415134312,0.03501655852416663,0.12366870415134312,0.03501655852416663,0.009007213045852613
1786799291.931274,1.7689383936439107,-1.2205596608668055,0.7332869678118263,1.8643961781843545,-1.242004258682007,0.7436695667247262,0.09783690206065168,-0.09545778454044385,0.021444597815201583,0.09545778454044385,0.021444597815201583,0.010382598912899832
1786799292.847098,1.892868202289257,-1.2221532108270878,0.7355432820515649,1.966559726758167,-1.2323003968195592,0.7437962550354329,0.07438686821017385,-0.07369152446891003,0.01014718599247133,0.07369152446891003,0.01014718599247133,0.008252972983867957
1786799294.197203,2.0893100833784373,-1.2342974469087584,0.7351696345853644,2.127240094577035,-1.2292954748074296,0.7428105575741268,0.038258403971261394,-0.037930011198597846,-0.0050019721013288,0.037930011198597846,0.0050019721013288,0.0076409229887624
1786799295.16393,2.23482948674957,-1.2385553223200327,0.734779461547933,2.2475882120409403,-1.233029629747647,0.7441559042793848,0.013903896916518454,-0.012758725291370343,-0.005525692572385665,0.012758725291370343,0.005525692572385665,0.009376442731451773
1786799295.963854,2.370268524695358,-1.2422743921907962,0.7350001501867451,2.348594569755636,-1.2445097522292035,0.7438719946527518,0.0217889228102359,0.02167395493972224,0.002235360038407297,0.02167395493972224,0.002235360038407297,0.00887184446600664
1786799297.463879,2.597756664887384,-1.3718951097539662,0.7350568870232588,2.522091357512845,-1.3671858759503348,0.743585721681092,0.07581171164866768,0.07566530737453903,-0.0047092338036314185,0.07566530737453903,0.0047092338036314185,0.008528834657833273
1786799298.380629,2.7613944199939278,-1.4837775382007992,0.7350159195773514,2.623402928178643,-1.4611992862281815,0.7430353945744048,0.13982642552660374,0.13799149181528492,-0.022578251972617647,0.13799149181528492,0.022578251972617647,0.008019474997053466
1786799299.430561,2.9146108208123658,-1.5238764052968534,0.7348260155692711,2.7268433594599313,-1.5023128753642057,0.7434751526363724,0.18900160149028944,0.1877674613524345,-0.021563529932647763,0.1877674613524345,0.021563529932647763,0.008649137067101353
1786799302.230615,3.21522326979685,-1.4514081265558016,0.7344762032446165,3.0405747019788136,-1.453505921600079,0.7444719440968866,0.17466116621887962,0.1746485678180365,0.0020977950442773174,0.1746485678180365,0.0020977950442773174,0.009995740852270063
1786799303.263958,3.3513611118928206,-1.4223326264216745,0.734986947263755,3.1510379464923965,-1.4315000969740004,0.7428854504919513,0.20053282302998035,0.20032316540042405,0.009167470552325918,0.20032316540042405,0.009167470552325918,0.007898503228196296
1786799304.230611,3.494063474299849,-1.409852438008087,0.735127757482495,3.257483023792737,-1.4174594601830144,0.7421789264434315,0.23670271723940547,0.23658045050711207,0.007607022174927369,0.23658045050711207,0.007607022174927369,0.007051168960936494
1786799305.263989,3.632522666957408,-1.3989963990552567,0.735110392630517,3.3747935806156777,-1.4109576381322235,0.7441144245211587,0.258006498342192,0.25772908634173053,0.011961239076966779,0.25772908634173053,0.011961239076966779,0.009004031890641695
1786799305.930698,3.7493091645605023,-1.3987160541310568,0.7356139741976977,3.4546305791179774,-1.4104517633771934,0.7440097115210088,0.29491218284417703,0.2946785854425249,0.011735709246136539,0.2946785854425249,0.011735709246136539,0.008395737323311114
1786799307.230789,3.9365445406954516,-1.4067587741076517,0.7347328994131634,3.6176382622015666,-1.4156314188256613,0.7437538003784782,0.3190296824546446,0.318906278493885,0.008872644718009637,0.318906278493885,0.008872644718009637,0.009020900965314715
1786799308.297438,4.117487550257438,-1.4159590825265735,0.7356888869445748,3.7522526590621164,-1.4233135302985547,0.7450407428924526,0.36530892905661305,0.36523489119532204,0.007354447771981132,0.36523489119532204,0.007354447771981132,0.009351855947877796
1786799309.130736,4.270842273143613,-1.4194849691415499,0.7354403770295781,3.857032412790849,-1.4292269774960886,0.7449138260981794,0.4139245187856764,0.4138098603527638,0.009742008354538756,0.4138098603527638,0.009742008354538756,0.009473449068601258
1786799310.364204,4.4624340277797625,-1.4303667637469726,0.7362796585724941,4.015294082952019,-1.4377906465461063,0.7432626877569553,0.4472015700960501,0.4471399448277431,0.007423882799133752,0.4471399448277431,0.007423882799133752,0.0069830291844611425
1786799311.930819,4.684585894472027,-1.4338073048255013,0.733996777391883,4.2179415595202245,-1.4457708107049299,0.7427513823621248,0.46679766582057525,0.4666443349518028,0.011963505879428515,0.4666443349518028,0.011963505879428515,0.00875460497024183
1786799312.530831,4.80220840769688,-1.4344577396421052,0.73269505434886,4.29398726881779,-1.4486189768327826,0.7446026468318999,0.5084183972304014,0.5082211388790903,0.014161237190677411,0.5082211388790903,0.014161237190677411,0.011907592483039964
1786799313.764145,5.008680855372076,-1.4371159816890793,0.7341089051005784,4.4523922855767415,-1.4535841670591314,0.7437139518717601,0.5565322758064634,0.5562885697953348,0.016468185370052124,0.5562885697953348,0.016468185370052124,0.009605046771181791
1786799314.830843,5.177306819753893,-1.435159090766059,0.734620017828057,4.590557847546623,-1.4585999154509595,0.74280728608771,0.5872170200600425,0.5867489722072703,0.023440824684900496,0.5867489722072703,0.023440824684900496,0.008187268259652991
1786799315.530903,5.311372547270507,-1.4387005673544422,0.7348158975805364,4.68142415476229,-1.46183665736337,0.7428407777068163,0.6303731084719489,0.6299483925082168,0.023136090008927912,0.6299483925082168,0.023136090008927912,0.008024880126279887
1786799316.997549,5.334440645853887,-1.4444757348342554,0.7349519741342962,4.8699738151872785,-1.4690483160653316,0.7434015294115989,0.46511638171305203,0.4644668306666082,0.024572581231076196,0.4644668306666082,0.024572581231076196,0.008449555277302623
1786799317.997601,5.512327764920057,-1.4492181433571858,0.7360278159953755,4.998475655838843,-1.4740746976514219,0.7437837029897207,0.5144529505198647,0.5138521090812143,0.024856554294236055,0.5138521090812143,0.024856554294236055,0.007755886994345262
1786799320.197655,5.5643190943408385,-1.4651951928143758,0.7348996141254478,5.282815126666863,-1.4853075223483914,0.743298758082984,0.28222152578333826,0.28150396767397545,0.02011232953401554,0.28150396767397545,0.02011232953401554,0.00839914395753616
1786799321.630973,5.57903536762845,-1.4736527033611027,0.7338526679821689,5.466253949713151,-1.4922374262948486,0.7441478049720509,0.11430240659544046,0.11278141791529883,0.018584722933745912,0.11278141791529883,0.018584722933745912,0.010295136989882048
1786799323.031024,5.82895514210819,-1.4852274730373183,0.7339323237616914,5.647177202443014,-1.49904742357095,0.7436185340161883,0.18230252434255667,0.1817779396651762,0.01381995053363183,0.1817779396651762,0.01381995053363183,0.009686210254496896
1786799323.564362,5.945569333198021,-1.486826567665398,0.734666268797349,5.7158858213460215,-1.5015897490315888,0.7439462090203549,0.23015748334720437,0.22968351185199953,0.014763181366190814,0.22968351185199953,0.014763181366190814,0.009279940223005934
1786799324.831033,6.16890076044922,-1.4914877447909607,0.7337380331206388,5.87934904249557,-1.5081415536389975,0.7433341256957711,0.29003025138605265,0.28955171795364976,0.0166538088480368,0.28955171795364976,0.0166538088480368,0.009596092575132276
1786799325.797771,6.351392299272972,-1.499109104900223,0.7334285429065939,6.004607334227419,-1.512653642826491,0.7433405111816438,0.3470493718324263,0.34678496504555323,0.013544537926267974,0.34678496504555323,0.013544537926267974,0.00991196827504992
1786799326.414463,6.466469022790767,-1.5001463498149539,0.7333593254163778,6.083828648158047,-1.5158820575704512,0.7443868039849577,0.38296379567477995,0.3826403746327198,0.015735707755497375,0.3826403746327198,0.015735707755497375,0.011027478568579885
1786799327.231115,6.624443877220949,-1.5081471802910018,0.7348035955563494,6.187975915331031,-1.519998385353434,0.7445259555402972,0.436628827286713,0.43646796188991743,0.011851205062432202,0.43646796188991743,0.011851205062432202,0.00972235998394777
1786799328.53117,6.66688482444392,-1.508347694281107,0.7343743143514428,6.356521936803825,-1.5252601723550527,0.7437370229934976,0.31082334844554405,0.31036288764009523,0.016912478073945802,0.31036288764009523,0.016912478073945802,0.009362708642054796
1786799329.331088,6.81019371716785,-1.5114218004772928,0.733980892590891,6.4600328173140955,-1.5292475492381674,0.7432990324232935,0.35061433670812314,0.35016089985375487,0.017825748760874616,0.35016089985375487,0.017825748760874616,0.009318139832402483
1786799330.5312,6.870141599861611,-1.5191512257755533,0.7334531776285135,6.614983803955219,-1.5346374870466255,0.7440778633667685,0.25562731681094625,0.255157795906392,0.015486261271072221,0.255157795906392,0.015486261271072221,0.010624685738255035
1786799331.497881,6.994537377460118,-1.594950910307359,0.7332644007360131,6.739318614563418,-1.5394005975562945,0.7421815149051648,0.26119428435795244,0.25521876289669976,-0.05555031275106437,0.25521876289669976,0.05555031275106437,0.008917114169151752
1786799332.864585,7.20921882060932,-1.68195420214226,0.7347926339801546,6.914321339088762,-1.546075057960808,0.7435645179841752,0.3246962679653892,0.2948974815205583,-0.13587914418145197,0.2948974815205583,0.13587914418145197,0.008771884004020625
1786799333.797896,7.334825999271066,-1.7625735760031687,0.7348581229444358,7.03286194210654,-1.5508988332223734,0.7441634164231079,0.3687661705614781,0.30196405716452634,-0.21167474278079523,0.30196405716452634,0.21167474278079523,0.00930529347867215
1786799334.631292,7.465232118090145,-1.8389044343665288,0.7340383219174512,7.140136537046583,-1.5556130976985212,0.7423502224126431,0.431208903253629,0.32509558104356184,-0.28329133666800765,0.32509558104356184,0.28329133666800765,0.008311900495191926
1786799335.998066,7.656698312445426,-1.9266559946908624,0.733510670729646,7.315685151079351,-1.562235166062347,0.7440604451328819,0.49909169153891825,0.3410131613660754,-0.3644208286285153,0.3410131613660754,0.3644208286285153,0.010549774403235901
1786799337.364862,7.876068040526428,-2.0082810183974913,0.734852365972544,7.491572902764769,-1.5690370785558188,0.7432069714042567,0.5837565842455154,0.38449513776165833,-0.43924393984167254,0.38449513776165833,0.43924393984167254,0.008354605431712736
1786799338.431465,8.035229944302596,-2.0843703992075624,0.7332423049379746,7.629819037914787,-1.5740111587661263,0.7433406589955536,0.6517856682392952,0.4054109063878091,-0.5103592404414361,0.4054109063878091,0.5103592404414361,0.010098354057578973
1786799339.898001,8.040486454901671,-2.170562478847071,0.7326048420047545,7.8175266935652115,-1.5812264234290678,0.7445965917278113,0.6301016119570423,0.22295976133646,-0.5893360554180034,0.22295976133646,0.5893360554180034,0.011991749723056833
1786799341.564743,8.041527938156115,-2.244641252445156,0.733323220972958,8.040652180903388,-1.5939829956432237,0.7426922214606105,0.650658846166941,0.0008757572527269275,-0.6506582568019323,0.0008757572527269275,0.6506582568019323,0.009369000487652546
1786799342.998111,8.04256942141056,-2.3187200260432403,0.7337998413413329,8.238021688340472,-1.6494115069006807,0.743506636216415,0.6972628503260788,-0.19545226692991235,-0.6693085191425596,0.19545226692991235,0.6693085191425596,0.009706794875082081
1786799345.864815,8.043610904665004,-2.392798799641325,0.732194215392004,8.533971347578719,-1.9925256242474487,0.7416269333558427,0.6329865550818848,-0.4903604429137154,-0.4002731753938764,0.4903604429137154,0.4002731753938764,0.00943271796383871
1786799347.831506,8.044652387919447,-2.4668775732394095,0.7329136833969009,8.545551334948472,-2.3402820437097973,0.7415561424518304,0.5166489942230307,-0.5008989470290253,-0.12659552952961217,0.5008989470290253,0.12659552952961217,0.008642459054929552
1786799349.464864,8.045693871173892,-2.5409563468374943,0.7344929359553749,8.443466266098977,-2.5662503279983957,0.7439591949923129,0.39857579410622185,-0.3977723949250844,0.025293981160901424,0.3977723949250844,0.025293981160901424,0.009466259036937985
1786799351.264946,8.046735354428336,-2.6150351204355786,0.7343614116320402,8.370905795446255,-2.7705120500450318,0.7424689131117883,0.3595268424895912,-0.3241704410179196,0.15547692960945314,0.3241704410179196,0.15547692960945314,0.008107501479748147
1786799352.531641,8.015364725508391,-2.9130932708206974,0.7363860729325076,8.34431222942395,-2.9288900844965333,0.7429941099277332,0.32932658510145524,-0.3289475039155594,0.015796813675835963,0.3289475039155594,0.015796813675835963,0.006608036995225608
1786799352.931674,8.009316922578899,-3.059999196778314,0.7356131178686016,8.34099161436092,-2.979192687594413,0.7435694548476081,0.34137632181389915,-0.33167469178202147,-0.0808065091839012,0.33167469178202147,0.0808065091839012,0.00795633697900644
1786799354.465005,8.008419123065384,-3.1030559163201006,0.7357333295231897,8.334434264862441,-3.165142538322297,0.742159220733804,0.3318744059318211,-0.3260151417970576,0.06208662200219628,0.3260151417970576,0.06208662200219628,0.006425891210614321
1786799356.19846,8.002230461584993,-3.156903786329931,0.7356871498274679,8.325941045991573,-3.3724980356181855,0.7427916102147315,0.38893369972659303,-0.3237105844065802,0.21559424928825432,0.3237105844065802,0.21559424928825432,0.007104460387263645
1786799357.43181,7.997708720814616,-3.4222503924473187,0.7371885916371628,8.31203226258592,-3.5211554699345675,0.7445908581514081,0.3295170758313064,-0.3143235417713033,0.09890507748724886,0.3143235417713033,0.09890507748724886,0.007402266514245359
1786799358.498527,7.980340537519872,-3.663050418390331,0.7362456764601153,8.29616384239677,-3.653927052061246,0.7443629033944505,0.31595505331698703,-0.315823304876897,-0.009123366329085059,0.315823304876897,0.009123366329085059,0.008117226934335253
1786799359.198508,7.965094971476845,-3.8377879144607423,0.7359075432995786,8.283664610335798,-3.742582866181961,0.7436851099783185,0.3324915277424201,-0.3185696388589525,-0.0952050482787814,0.3185696388589525,0.0952050482787814,0.007777566678739856
1786799360.198476,7.942584564420991,-4.078322765723171,0.7348047764594554,8.265375527841748,-3.8714930255340563,0.7423264792909856,0.3833699877309088,-0.32279096342075686,-0.20682974018911482,0.32279096342075686,0.20682974018911482,0.007521702831530197
1786799361.631757,7.907594113653785,-4.1256667387613595,0.7344805828190659,8.239847165697828,-4.054315021799452,0.7439104502132263,0.33982813024526676,-0.33225305204404343,-0.07135171696190756,0.33225305204404343,0.07135171696190756,0.009429867394160407
1786799362.698439,7.88397082640831,-4.374399080072718,0.7341492896423543,8.221938827087389,-4.1907425627218,0.7436050630442859,0.3846454027393039,-0.3379680006790782,-0.1836565173509177,0.3379680006790782,0.1836565173509177,0.0094557734019316
1786799364.231842,7.885012309662755,-4.448477853670802,0.7357133995235331,8.197284825746989,-4.385723207320212,0.7438289743420043,0.31851572950196017,-0.3122725160842341,-0.06275464635058992,0.3122725160842341,0.06275464635058992,0.00811557481847125
1786799365.798608,7.886053792917199,-4.522556627268887,0.7343603168773933,8.172667710289499,-4.588432734944647,0.7426837665535989,0.2940870605688117,-0.2866139173722999,0.06587610767576013,0.2866139173722999,0.06587610767576013,0.008323449676205574
1786799368.998706,7.891800945242976,-4.58165086056966,0.735463217653721,8.121690139149207,-4.99677087994663,0.7432592066317976,0.4745246800350774,-0.22988919390623064,0.4151200193769702,0.22988919390623064,0.4151200193769702,0.00779598897807654
1786799369.865341,7.846371790559195,-4.878425177319418,0.7351931114648317,8.107249061910911,-5.111142623502484,0.74253356899123,0.3495917053734046,-0.260877271351716,0.23271744618306656,0.260877271351716,0.23271744618306656,0.007340457526398336
1786799371.198737,7.691141397279587,-5.293032198303837,0.7348941990799494,8.061970768049402,-5.297427038213031,0.7397669723826591,0.37085541231504854,-0.37082937076981537,0.004394839909194204,0.37082937076981537,0.004394839909194204,0.004872773302709743
1786799373.332025,7.69218288053403,-5.367110971901921,0.7341741302205197,7.860604369620359,-5.548127033162839,0.7443580537597672,0.2472501009513899,-0.16842148908632826,0.18101606126091774,0.16842148908632826,0.18101606126091774,0.010183923539247464
1786799375.465403,7.693224363788474,-5.441189745500006,0.7340606619947444,7.509610372622941,-5.647056342989919,0.7414887840669199,0.2758535004559672,0.183613991165533,0.20586659748991298,0.183613991165533,0.20586659748991298,0.007428122072175469
1786799378.198775,7.694265847042919,-5.51526851909809,0.734194458099076,7.0765185953931296,-5.445017621024783,0.7423881423761544,0.621728924533011,0.6177472516497895,-0.07025089807330698,0.6177472516497895,0.07025089807330698,0.008193684277078339
1786799379.865442,7.6550974278015715,-5.508673623467331,0.7323880368231781,6.913313673236597,-5.301999244287284,0.7426896368057828,0.7700372962045205,0.7417837545649748,-0.20667437918004694,0.7417837545649748,0.20667437918004694,0.010301599982604714
1786799380.565492,7.566456877098795,-5.466561809301052,0.7320269899131938,6.842065106235295,-5.254842947807732,0.7423555506930093,0.7546974983440619,0.7243917708634999,-0.21171886149332053,0.7243917708634999,0.21171886149332053,0.010328560779815477
1786799381.465551,7.4128943958594125,-5.39808514152853,0.7317930577243982,6.741058018966656,-5.201173048914707,0.7417244848815344,0.7000989141071007,0.6718363768927569,-0.19691209261382348,0.6718363768927569,0.19691209261382348,0.009931427157136241
1786799382.232214,7.258385120518362,-5.342597515715207,0.7322597592382015,6.6492713637847185,-5.165288763383863,0.7415675519166411,0.6343957458049905,0.6091137567336435,-0.1773087523313439,0.6091137567336435,0.1773087523313439,0.00930779267843962
1786799383.065589,7.137562424654469,-5.313239550527564,0.7345845334789534,6.553032280397082,-5.133024653677667,0.7430717140341584,0.611680389249304,0.5845301442573865,-0.1802148968498969,0.5845301442573865,0.1802148968498969,0.008487180555205032
1786799383.465672,7.055768175454761,-5.295465081276497,0.7342778116360851,6.507895275003402,-5.118382809750944,0.7429891737655208,0.5757802062746122,0.5478729004513596,-0.17708227152555267,0.5478729004513596,0.17708227152555267,0.008711362129435685
1786799385.465674,6.802801182070755,-5.2263098273161575,0.7342828645725573,6.282672223298064,-5.04354234657025,0.7417332604632697,0.5513058005972443,0.5201289587726903,-0.1827674807459072,0.5201289587726903,0.1827674807459072,0.007450395890712391
1786799386.899143,6.582802222042572,-5.1463813633776105,0.7343220334500723,6.124056142589984,-4.980909712270369,0.7439996983787625,0.48767697580804126,0.45874607945258816,-0.16547165110724116,0.45874607945258816,0.16547165110724116,0.009677664928690155
1786799388.632332,6.4296235662016095,-5.08922763773941,0.734753392202457,5.919444295247283,-4.892384059209651,0.7421784989345582,0.5468366144653166,0.5101792709543265,-0.19684357852975864,0.5101792709543265,0.19684357852975864,0.007425106732101283
1786799389.49897,6.332905528637885,-5.05757274726701,0.7334779460263786,5.807028401471752,-4.85240868469166,0.7408484716378266,0.5644812179771149,0.5258771271661331,-0.20516406257534925,0.5258771271661331,0.20516406257534925,0.00737052561144802
1786799390.499148,6.129860423363503,-5.016889032139348,0.7343089886382378,5.674396555948547,-4.826774177816279,0.7437322517555319,0.49354938188074965,0.4554638674149558,-0.19011485432306863,0.4554638674149558,0.19011485432306863,0.009423263117294134
1786799391.265767,5.936130650906151,-4.991270311368442,0.733529619399402,5.572674599524128,-4.8215760847421585,0.7434811960923406,0.401118974665253,0.3634560513820224,-0.16969422662628375,0.3634560513820224,0.16969422662628375,0.009951576692938668
1786799391.732409,5.837855937353946,-4.9851870454258425,0.7332532735055571,5.511667793767863,-4.818603521390887,0.7409298697393845,0.36626325982282115,0.3261881435860827,-0.16658352403495513,0.3261881435860827,0.16658352403495513,0.007676596233827326
1786799393.33237,5.5539017544005045,-4.961559471900537,0.7330270015583255,5.31062790203083,-4.80173696584927,0.7433424913004874,0.2910762798430842,0.2432738523696747,-0.1598225060512668,0.2432738523696747,0.1598225060512668,0.010315489742161899
1786799394.399128,5.392933764912158,-4.938977758953819,0.7339671982223679,5.177941559414036,-4.786510671272547,0.7435778021739474,0.2635675648689642,0.21499220549812215,-0.1524670876812726,0.21499220549812215,0.1524670876812726,0.009610603951579533
1786799395.132439,5.27191716327199,-4.918568240838157,0.7338767343384626,5.084731012006739,-4.77136288590093,0.7421344935337761,0.2381345664696585,0.18718615126525062,-0.14720535493722675,0.18718615126525062,0.14720535493722675,0.008257759195313574
1786799396.232555,5.076732166588871,-4.877686310391921,0.7355881641701602,4.946456250618639,-4.747475163221654,0.7440452844767748,0.18419217445179367,0.13027591597023225,-0.13021114717026716,0.13027591597023225,0.13021114717026716,0.008457120306614607
1786799397.065814,4.948287807536027,-4.8505939225772785,0.7355798379699331,4.84267863098911,-4.72865427921946,0.7448722213756528,0.16131514123959323,0.10560917654691693,-0.12193964335781882,0.10560917654691693,0.12193964335781882,0.009292383405719695
1786799397.932665,4.799877667782313,-4.821912552261189,0.7353780507970125,4.734850883318743,-4.708969772170682,0.7444209523393114,0.13032480298179724,0.06502678446357013,-0.11294278009050718,0.06502678446357013,0.11294278009050718,0.00904290154229892
1786799398.332522,4.711979276646714,-4.8073035954775145,0.7334655566100947,4.6841673836812125,-4.7003392332334,0.7435808033443478,0.11052093096158126,0.02781189296550135,-0.10696436224411432,0.02781189296550135,0.10696436224411432,0.010115246734253125
1786799399.365886,4.546988210992684,-4.771439173039391,0.7351418182257099,4.553366159972984,-4.679119874405746,0.7437882159647833,0.09253934910838411,-0.0063779489803001965,-0.09231929863364474,0.0063779489803001965,0.09231929863364474,0.008646397739073386
1786799399.799251,4.460373688094382,-4.755933499123835,0.7358532091965668,4.49775330234804,-4.670162871577341,0.7430755821832337,0.0935619373007618,-0.03737961425365821,-0.085770627546494,0.03737961425365821,0.085770627546494,0.007222372986666836
1786799400.3992,4.341704576255969,-4.73743021286729,0.7326779110582814,4.420599941664064,-4.6581448551378815,0.7412943558914991,0.11185100193184278,-0.07889536540809505,-0.07928535772940837,0.07889536540809505,0.07928535772940837,0.008616444833217662
1786799400.965912,4.230837575788641,-4.7179228297597255,0.7337248080957747,4.347135128472045,-4.647324175326226,0.7409841867887738,0.13604885434273198,-0.11629755268340425,-0.07059865443349977,0.11629755268340425,0.07059865443349977,0.0072593786929990856
1786799403.332614,4.171342002142415,-4.711126976575047,0.7345904291495788,4.0489943312097,-4.603306150791564,0.7448215995493863,0.16307753694268284,0.12234767093271515,-0.10782082578348273,0.12234767093271515,0.10782082578348273,0.010231170399807477
1786799403.999355,4.0425877403961845,-4.687394712986723,0.7341850238701497,3.9634011298143443,-4.590742970858901,0.7433783681273539,0.12494830351702654,0.07918661058184018,-0.0966517421278219,0.07918661058184018,0.0966517421278219,0.009193344257204195
1786799404.765939,3.9186473448434564,-4.6657078604761475,0.7336599159439475,3.8645403539318766,-4.575608771233096,0.7424510448955539,0.10509715670717812,0.05410699091157989,-0.09009908924305154,0.05410699091157989,0.09009908924305154,0.008791128951606386
1786799406.465969,3.678502753922949,-4.619255455146559,0.735422915380431,3.649009558816847,-4.543175383298999,0.7444385736769235,0.0815967272008902,0.029493195106101933,-0.07608007184756005,0.029493195106101933,0.07608007184756005,0.009015658296492424
1786799407.366133,3.5367487759167098,-4.593315003218914,0.7358212710773162,3.534043068648152,-4.525397213607655,0.7436709536323455,0.06797166319505735,0.0027057072685576777,-0.0679177896112586,0.0027057072685576777,0.0679177896112586,0.00784968255502927
1786799408.166024,3.3993789013684035,-4.567855739609481,0.7351564049956054,3.4311638988724322,-4.509987848459389,0.742045287473531,0.06602256351043968,-0.031784997504028745,-0.05786789115009228,0.031784997504028745,0.05786789115009228,0.006888882477925629
1786799409.332762,3.2348514534890866,-4.540728125235491,0.7334572405403501,3.2824322666877634,-4.487600395806955,0.7434248382388728,0.07131962856660937,-0.0475808131986768,-0.05312772942853616,0.0475808131986768,0.05312772942853616,0.009967597698522734
1786799411.166148,2.9767961833405074,-4.494532721502244,0.7335653867720671,3.050366764745548,-4.453002513940306,0.7440683195010446,0.08448306687386167,-0.07357058140504069,-0.04153020756193815,0.07357058140504069,0.04153020756193815,0.01050293272897751
1786799412.332821,2.808770131555663,-4.4589718200958295,0.7349986386488941,2.901184249240432,-4.430327013736947,0.7434338702021551,0.09675171357031496,-0.09241411768476926,-0.02864480635888267,0.09241411768476926,0.02864480635888267,0.00843523155326098
1786799412.899526,2.6882356856389693,-4.435691684126415,0.7349121088183663,2.8277756182213163,-4.419484173819871,0.742346573212166,0.1404780273758949,-0.13953993258234698,-0.016207510306544215,0.13953993258234698,0.016207510306544215,0.007434464393799689
1786799414.099416,2.5091730139671564,-4.399901637178425,0.7334525114386945,2.673499434562258,-4.396414269451867,0.7425991430870573,0.16436342123251876,-0.16432642059510139,-0.0034873677265583325,0.16432642059510139,0.0034873677265583325,0.009146631648362824
1786799414.999582,2.3459874931730424,-4.369196758452169,0.7330067863235165,2.55955767046481,-4.379203659336563,0.7433358052014877,0.21380448707580293,-0.21357017729176775,0.010006900884393488,0.21357017729176775,0.010006900884393488,0.010329018877971219
1786799416.232797,2.158201031167089,-4.303077524843868,0.7336439320926785,2.411238074297491,-4.3165455358686105,0.7437291577856682,0.2533952101306168,-0.2530370431304019,0.013468011024742488,0.2530370431304019,0.013468011024742488,0.010085225692989641
1786799418.232889,2.103926216963939,-4.293266460098467,0.7334545556977152,2.209114720775015,-4.089806478633355,0.7423746273649336,0.22904275887221695,-0.10518850381107558,-0.20345998146511235,0.10518850381107558,0.20345998146511235,0.008920071667218421
1786799419.432911,1.9118432014424633,-4.100715571914822,0.7360007748406032,2.0818742402621737,-3.9224349665186153,0.7435947162213381,0.24636259542095246,-0.17003103881971038,-0.17828060539620694,0.17003103881971038,0.17828060539620694,0.007593941380734881
1786799421.233044,1.6371587112741928,-3.7780138511643067,0.7346798312396624,1.869156256216375,-3.6302004837749786,0.7439285356258616,0.2750848095372995,-0.23199754494218228,-0.14781336738932804,0.23199754494218228,0.14781336738932804,0.00924870438619918
1786799423.132975,1.440877440627303,-3.3969515854591674,0.7358187448325489,1.614210740017517,-3.2724133275875844,0.7435015386325439,0.21343432327342862,-0.1733332993902139,-0.12453825787158301,0.1733332993902139,0.12453825787158301,0.007682793799994925
1786799425.234546,1.103920159792934,-2.9691289315382785,0.7324976320136823,1.2552770788199454,-2.89475968354228,0.7359107847753253,0.16864074829304926,-0.15135691902701143,-0.07436924799599831,0.15135691902701143,0.07436924799599831,0.0034131527616430013
1786799426.833007,1.0496453455897834,-2.9593178667928766,0.7314992653659171,0.9314863146745788,-2.6833518050242695,0.7395211020030472,0.30019797440171864,0.11815903091520463,-0.27596606176860705,0.11815903091520463,0.27596606176860705,0.008021836637130075
1786799428.733169,0.7139184690054994,-2.8659223536610114,0.7338140268122779,0.6997584524760615,-2.587071701581527,0.7451131891264858,0.2792099429341076,0.01416001652943788,-0.27885065207948445,0.01416001652943788,0.27885065207948445,0.011299162314207911
1786799429.999817,0.5796391639495697,-2.897554797330256,0.7336129186353154,0.557738553419655,-2.6314391852333734,0.7423938830230483,0.2670152724906976,0.021900610529914766,-0.2661156120968826,0.021900610529914766,0.2661156120968826,0.008780964387732904
1786799430.366413,0.5013514223936184,-2.90884824957179,0.7334481419349574,0.5193179918723109,-2.6530181550804857,0.7420152518733756,0.25646020133007436,-0.017966569478692462,-0.2558300944913041,0.017966569478692462,0.2558300944913041,0.008567109938418138
1786799431.466642,0.36383972934686204,-2.9645262886574537,0.7343616611361811,0.4142337748572404,-2.725676464897452,0.7430314189786955,0.24410816891920253,-0.05039404551037835,-0.23884982376000163,0.05039404551037835,0.23884982376000163,0.008669757842514447
1786799432.199801,0.2771079372529952,-2.991950425512547,0.7349616245172955,0.34815695531436663,-2.77319453158418,0.743798648690539,0.2300045740760042,-0.07104901806137143,-0.21875589392836714,0.07104901806137143,0.21875589392836714,0.008837024173243502
1786799432.699815,0.19440520062298283,-3.009715328066263,0.7364960089493381,0.3033664374390273,-2.803686484022786,0.7441725014479726,0.2330674488348242,-0.10896123681604447,-0.20602884404347677,0.10896123681604447,0.20602884404347677,0.007676492498634557
1786799434.066508,0.03923170456632796,-3.062641229569372,0.7349904141945642,0.1770688611050897,-2.8799581067832096,0.7436390977655093,0.22884974344227532,-0.13783715653876175,-0.1826831227861625,0.13783715653876175,0.1826831227861625,0.00864868357094506
1786799434.699824,-0.05159478231274761,-3.073900360680287,0.734222942912913,0.11604079916264137,-2.9100139067122397,0.7439160790552739,0.2344364689437475,-0.16763558147538898,-0.16388645396804735,0.16763558147538898,0.16388645396804735,0.009693136142360892
1786799435.733361,-0.19160442820702528,-3.0976874367593004,0.7345700043827746,0.011148113902210599,-2.9520259747403284,0.7428139841554997,0.24965146674766783,-0.20275254210923588,-0.145661462018972,0.20275254210923588,0.145661462018972,0.008243979772725063
1786799437.066599,-0.3529613871011046,-3.1221309823011163,0.7338111717300828,-0.13589777742205983,-2.9955684322012885,0.7432879825486819,0.25126617308079513,-0.21706360967904476,-0.12656255009982775,0.21706360967904476,0.12656255009982775,0.00947681081859908
1786799438.233279,-0.5276370420525334,-3.130107221056731,0.7360467523988963,-0.27456117614555897,-3.025416991623026,0.7454663970642554,0.2738748583631705,-0.2530758659069744,-0.1046902294337051,0.2530758659069744,0.1046902294337051,0.009419644665359161
1786799439.166621,-0.6834425291468609,-3.132432159540636,0.7365686177668869,-0.3909928902508538,-3.0467429998976425,0.7439617067805955,0.30474484962133047,-0.29244963889600706,-0.0856891596429934,0.29244963889600706,0.0856891596429934,0.007393089013708609
1786799440.966695,-0.9426062068115733,-3.143613714456338,0.7362687040940792,-0.6164726027386866,-3.0852656679443173,0.7445034186207253,0.33131197116515315,-0.3261336040728866,-0.058348046512020524,0.3261336040728866,0.058348046512020524,0.008234714526646147
1786799442.066691,-1.0987091941853206,-3.148696737242704,0.7364655057049786,-0.7537945392911815,-3.1100367714552792,0.7440152602975354,0.3470745051360413,-0.3449146548941392,-0.0386599657874247,0.3449146548941392,0.0386599657874247,0.007549754592556801
1786799442.533361,-1.204849271079126,-3.1468031427547904,0.7370074502365257,-0.8126073422601947,-3.1209886187743616,0.7433311676891661,0.393090473519687,-0.3922419288189314,-0.025814523980428827,0.3922419288189314,0.025814523980428827,0.006323717452640376
1786799443.233353,-1.3362561176184018,-3.1470914159284984,0.7355723469891546,-0.901549576826602,-3.1383386343926105,0.7434876056238097,0.43479465014163604,-0.4347065407917998,-0.008752781535887877,0.4347065407917998,0.008752781535887877,0.007915258634655031
1786799444.433372,-1.5434654109838526,-3.152697233314719,0.7368939685706457,-1.0601205109565361,-3.1658664807924106,0.743510218297476,0.4835242718432501,-0.48334490002731645,0.013169247477691659,0.48334490002731645,0.013169247477691659,0.006616249726830281
1786799446.133412,-1.8917006599936,-3.1624663679074976,0.7349028129714084,-1.289781600983921,-3.185953277709123,0.7431405438768379,0.6023771148799788,-0.601919059009679,0.023486909801625266,0.601919059009679,0.023486909801625266,0.008237730905429563
1786799447.200112,-2.0363368305724956,-3.1602772806819353,0.7337621276907166,-1.428500546229369,-3.2027616862514425,0.7447675789340739,0.6093191883410966,-0.6078362843431266,0.04248440556950728,0.6078362843431266,0.04248440556950728,0.011005451243357278
1786799448.233495,-2.2023429302123994,-3.158173630065404,0.733661449991292,-1.5632286424302937,-3.2178439344818464,0.7436262726722653,0.6418937747605744,-0.6391142877821057,0.05967030441644239,0.6391142877821057,0.05967030441644239,0.009964822680973318
1786799449.033465,-2.364379482792621,-3.1529059884283397,0.7337302393717086,-1.6673663775769905,-3.2322582073504393,0.7433776645176882,0.7015155333206788,-0.6970131052156305,0.07935221892209965,0.6970131052156305,0.07935221892209965,0.009647425145979605
1786799450.300168,-2.531370592039157,-3.154542273377356,0.7348929752731829,-1.8291109449299874,-3.2543679210084253,0.7437232824773011,0.7093192312935397,-0.7022596471091698,0.09982564763106927,0.7022596471091698,0.09982564763106927,0.00883030720411826
1786799453.066908,-2.573141079161748,-3.113844974989758,0.7355939557320972,-2.200775994730117,-3.287936016116441,0.7434249896633703,0.41105163508292714,-0.37236508443163086,0.17409104112668272,0.37236508443163086,0.17409104112668272,0.007831033931273157
1786799457.333607,-2.6149115662843387,-3.07314767660216,0.7326307864781617,-2.755423955219949,-3.224944347205383,0.7414114054285813,0.2068476749944642,0.14051238893561013,0.15179667060322277,0.14051238893561013,0.15179667060322277,0.008780618950419594
1786799459.200345,-2.854927261024925,-3.0152343417109857,0.7344200110981897,-2.99113989544843,-3.215489896392229,0.7447547518668137,0.24219035686270415,0.13621263442350529,0.20025555468124345,0.13621263442350529,0.20025555468124345,0.010334740768624062
1786799460.433734,-3.055711343750058,-2.9575433570985137,0.7332834860868094,-3.1497522239195677,-3.211066061961817,0.741629499144429,0.2704023835402747,0.09404088016950984,0.2535227048633035,0.09404088016950984,0.2535227048633035,0.008346013057619617
1786799463.367136,-3.0974818308726486,-2.9168460587109157,0.7351622499380147,-3.5251105211148532,-3.1931933853013734,0.7432946245708546,0.5091504115995159,0.4276286902422046,0.2763473265904577,0.4276286902422046,0.2763473265904577,0.00813237463283989
1786799465.900455,-3.139252317995239,-2.876148760323318,0.734045526899494,-3.871942391990159,-3.0911134349461213,0.7433416709533804,0.7635735431943471,0.7326900739949203,0.21496467462280355,0.7326900739949203,0.21496467462280355,0.009296144053886457
1786799466.700502,-3.20718729449138,-2.804205745033578,0.7346847132026565,-3.9600616139156037,-3.017637533719853,0.7440030723635721,0.782542567066042,0.7528743194242238,0.21343178868627488,0.7528743194242238,0.21343178868627488,0.009318359160915612
1786799468.833853,-3.4470835272182434,-2.5604467368860138,0.733452619146192,-4.158043532965401,-2.832160226965574,0.7440649435856703,0.7611125741066255,0.7109600057471575,0.27171349007956014,0.7109600057471575,0.27171349007956014,0.010612324439478349
1786799470.133949,-3.6149620314770665,-2.4235045902104786,0.7324119631645041,-4.286434116829636,-2.732852359604435,0.741317645583037,0.7393042701329028,0.6714720853525691,0.30934776939395636,0.6714720853525691,0.30934776939395636,0.008905682418532956
1786799470.833876,-3.7387668668605665,-2.323204421456974,0.7327014526426092,-4.3614072267415995,-2.6846865004082074,0.7423140834685862,0.7199654930312204,0.6226403598810331,0.36148207895123363,0.6226403598810331,0.36148207895123363,0.009612630825976964
1786799472.533974,-3.9447161630526977,-2.176055957297958,0.733031355240139,-4.543388758845509,-2.5776441177645286,0.7436531097822254,0.7208896778150088,0.5986725957928116,0.40158816046657053,0.5986725957928116,0.40158816046657053,0.01062175454208647
1786799472.833926,-4.01534005599253,-2.117488513811188,0.7345212084186996,-4.576433566722993,-2.5588698397649856,0.7425739428186168,0.713893131136985,0.5610935107304629,0.44138132595379753,0.5610935107304629,0.44138132595379753,0.00805273439991716
1786799473.800731,-4.164175347007541,-2.0125452119117586,0.7338137416875687,-4.680932508583585,-2.498909729678027,0.7419243339060951,0.709639632617954,0.5167571615760442,0.48636451776626854,0.5167571615760442,0.48636451776626854,0.008110592218526391
1786799474.40065,-4.25638372395578,-1.9406258419396858,0.7334983737257545,-4.744186597410931,-2.460855767681833,0.7427305080658487,0.7131555363234461,0.48780287345515116,0.520229925742147,0.48780287345515116,0.520229925742147,0.009232134340094178
1786799474.800719,-4.339942559658587,-1.8737088569812697,0.7340517818086287,-4.786095246855374,-2.4350268231395447,0.7439494258349436,0.7170286461676246,0.44615268719678713,0.561317966158275,0.44615268719678713,0.561317966158275,0.009897644026314878
1786799475.600744,-4.528798234440995,-1.7120530400662817,0.7354882304473527,-4.873825813190947,-2.3792944528095075,0.7442775772708521,0.7511691773346602,0.34502757874995194,0.6672414127432258,0.34502757874995194,0.6672414127432258,0.008789346823499411
1786799477.967523,-4.5705687215635855,-1.6713557416786837,0.7347658376712408,-5.103075644328882,-2.121458159440817,0.7417534612641995,0.6972487427513109,0.5325069227652968,0.45010241776213333,0.5325069227652968,0.45010241776213333,0.0069876235929586805
1786799479.067427,-4.612339208686176,-1.6306584432910858,0.7339476325928364,-5.145934379286594,-1.9493388864250545,0.7432414003520303,0.6215151091680324,0.5335951706004174,0.3186804431339687,0.5335951706004174,0.3186804431339687,0.009293767759193994
1786799480.667441,-4.654109695808767,-1.5899611449034878,0.7336692768686439,-5.099772775952188,-1.6720205054752886,0.7417779621639803,0.45315485174537595,0.4456630801434205,0.08205936057180074,0.4456630801434205,0.08205936057180074,0.00810868529533637
1786799481.83416,-4.618072717894259,-1.4744076377371997,0.7337591645768217,-4.990687506147409,-1.505502421267405,0.7430653335844393,0.37390997043102464,0.3726147882531494,0.03109478353020534,0.3726147882531494,0.03109478353020534,0.009306169007617604
1786799483.33417,-4.437491913652853,-1.1931773549965987,0.7327615892038221,-4.855662078125379,-1.3555444348680954,0.7408890666535369,0.4485859506058751,0.4181701644725262,0.16236707987149668,0.4181701644725262,0.16236707987149668,0.00812747744971487
1786799485.934229,-4.440382008062086,-1.1064416445818244,0.7327145343093618,-4.702408458782082,-1.0764166323801478,0.7419709931190419,0.2637410893938018,0.2620264507199961,-0.030025012201676526,0.2620264507199961,0.030025012201676526,0.009256458809680068
1786799486.934273,-4.4523051294763105,-0.9689285810417883,0.7334987220922615,-4.661694762943536,-0.9570295125623164,0.7411505119648674,0.2097274575114524,0.20938963346722517,-0.011899068479471864,0.20938963346722517,0.011899068479471864,0.007651789872605841
1786799488.46766,-4.4305326347624865,-0.7467302727715647,0.7345627144050637,-4.606257629521486,-0.782128352448289,0.7441000017555516,0.17925484045863332,0.1757249947589994,0.03539807967672437,0.1757249947589994,0.03539807967672437,0.009537287350487866
1786799490.034359,-4.408240201694629,-0.551377223736488,0.7351895440797153,-4.544862613019581,-0.6069213480593749,0.7433845259847617,0.14748163622309274,0.1366224113249519,0.05554412432288691,0.1366224113249519,0.05554412432288691,0.008194981905046417
1786799490.934359,-4.403593263926515,-0.4086817397049647,0.7332592671380663,-4.503487828539803,-0.5012741230580958,0.7420031323909448,0.13620673072316028,0.0998945646132876,0.09259238335313114,0.0998945646132876,0.09259238335313114,0.008743865252878513
1786799491.86776,-4.39911419981461,-0.272597274792697,0.7331516387591689,-4.4584289006326605,-0.3930418747723106,0.7431882784057287,0.13425772006623662,0.05931470081805035,0.1204445999796136,0.05931470081805035,0.1204445999796136,0.010036639646559764
1786799493.734378,-4.272232738482302,0.09453649198804137,0.7327730715990693,-4.3638869154096245,-0.17548311776866898,0.7447732409804072,0.28515097369883047,0.0916541769273227,0.27001960975671035,0.0916541769273227,0.27001960975671035,0.012000169381337855
1786799494.901158,-4.314003225604893,0.13523379037563932,0.7317158482072669,-4.288248422202165,-0.025624561652411115,0.7414087336729122,0.16290708798420447,-0.02575480340272751,0.16085835202805043,0.02575480340272751,0.16085835202805043,0.009692885465645285
1786799495.734435,-4.3557737127274825,0.17593108876323726,0.7309889387109603,-4.214149147979629,0.07022849029283462,0.7428078877427031,0.17672169267923507,-0.14162456474785312,0.10570259847040264,0.14162456474785312,0.10570259847040264,0.011818949031742854
1786799496.534459,-4.363710396363742,0.24047496228775023,0.7356918073073423,-4.13317821339668,0.1454202359364016,0.7446937689440416,0.2493601579749435,-0.23053218296706213,0.09505472635134862,0.23053218296706213,0.09505472635134862,0.009001961636699307
1786799498.134538,-4.224364128312396,0.42106393065032854,0.7346007087591877,-3.9832486932729125,0.28819311686028687,0.7408956436438324,0.275302208802449,-0.2411154350394833,0.13287081379004168,0.2411154350394833,0.13287081379004168,0.006294934884644721
1786799499.401164,-4.121035174656196,0.5272531031240857,0.7348810427439773,-3.8725057550770523,0.40200091170537605,0.7449092605092014,0.2783073550079754,-0.24852941957914387,0.12525219141870964,0.24852941957914387,0.12525219141870964,0.010028217765224112
1786799500.467897,-4.011041643923997,0.6455927680045657,0.7341199635481241,-3.7863744996896522,0.5053628300225801,0.7436541293456127,0.2648391232519235,-0.22466714423434508,0.14022993798198558,0.22466714423434508,0.14022993798198558,0.009534165797488559
1786799501.801233,-3.9115415861878224,0.7679467333569245,0.733322216088539,-3.679821370700515,0.6399263892967545,0.74249333977237,0.26473282146112603,-0.23172021548730726,0.12802034406017004,0.23172021548730726,0.12802034406017004,0.009171123683830995
1786799503.134593,-3.803033243900866,0.9060672558871636,0.7355660537247966,-3.5770651121839965,0.7731416548563146,0.7446992253784269,0.2621656193344674,-0.22596813171686936,0.13292560103084905,0.22596813171686936,0.13292560103084905,0.009133171653630368
1786799504.534579,-3.6913342018784925,1.0413044826609075,0.7367908384225849,-3.4663856692918587,0.9109671375740649,0.7439183638027607,0.25998012585035524,-0.22494853258663383,0.13033734508684258,0.22494853258663383,0.13033734508684258,0.007127525380175803
1786799505.501261,-3.6031103229314043,1.1453650710586074,0.7349806525809974,-3.3873297315633657,1.0079884441356524,0.7419030785214867,0.2557999242296003,-0.21578059136803862,0.13737662692295505,0.21578059136803862,0.13737662692295505,0.006922425940489307
1786799506.567929,-3.5189866798441995,1.2453199783068694,0.7355677407341964,-3.299619724901076,1.1129419926764454,0.7444453949353264,0.25621434776488833,-0.21936695494312364,0.1323779856304239,0.21936695494312364,0.1323779856304239,0.008877654201129959
1786799508.901369,-3.342875684737335,1.4448382667444155,0.7352043251301752,-3.108004236883874,1.3427207731302986,0.7442663777709759,0.2561104830318554,-0.23487144785346104,0.10211749361411693,0.23487144785346104,0.10211749361411693,0.009062052640800733
1786799510.301332,-3.2176524660257098,1.587850912007511,0.7348259312926229,-2.9920375235851764,1.483132508968633,0.7429148253387032,0.24873288119478315,-0.22561494244053337,0.10471840303887814,0.22561494244053337,0.10471840303887814,0.008088894046080375
1786799512.168108,-3.0464256616712317,1.761935894603757,0.7351403047627947,-2.838409359289509,1.669771939747308,0.7432003823681667,0.22751917860115836,-0.20801630238172253,0.09216395485644902,0.20801630238172253,0.09216395485644902,0.008060077605371974
1786799513.401619,-2.953955592680139,1.8739546327558307,0.7357595839187347,-2.7380103100962687,1.7923424989599375,0.7445047151507734,0.23085256215373984,-0.21594528258387014,0.08161213379589327,0.21594528258387014,0.08161213379589327,0.008745131232038683
1786799514.568159,-2.850782694983038,1.9980071882917616,0.7345866322769996,-2.642628489823691,1.9086021224185343,0.7421630253482904,0.22654235570708525,-0.2081542051593468,0.08940506587322727,0.2081542051593468,0.08940506587322727,0.007576393071290766
1786799515.768154,-2.7641223317781742,2.107566822515473,0.7335676677798552,-2.545789240530794,2.0269615434422343,0.7423001927871408,0.23273708288133096,-0.2183330912473802,0.08060527907323856,0.2183330912473802,0.08060527907323856,0.008732525007285608
1786799516.601523,-2.691086279243398,2.194718047193108,0.7358075770333978,-2.479568762356478,2.107321632999074,0.7453258560586153,0.2288619521982274,-0.2115175168869201,0.08739641419403421,0.2115175168869201,0.08739641419403421,0.009518279025217513
1786799517.368188,-2.621671973707144,2.2768469267817864,0.7375352451045942,-2.418049874098142,2.1825250858145897,0.7447999395365652,0.22440715035982997,-0.20362209960900168,0.09432184096719665,0.20362209960900168,0.09432184096719665,0.007264694431970975
1786799518.93491,-2.4931915922805628,2.4202363827698465,0.7358544996849548,-2.289287673486317,2.338580850600619,0.743217213255622,0.21964615642776494,-0.20390391879424596,0.08165553216922738,0.20390391879424596,0.08165553216922738,0.007362713570667201
1786799520.10154,-2.3999728579841046,2.5316748130763655,0.73531600428372,-2.1945488864170106,2.4544879056199838,0.7435593759307388,0.21944663765270658,-0.20542397156709402,0.07718690745638179,0.20542397156709402,0.07718690745638179,0.008243371647018827
1786799520.901644,-2.3380191750158272,2.604832338256058,0.7346651244561438,-2.1291640751141605,2.533810227062554,0.7437949229337748,0.22060052818005133,-0.20885509990166673,0.07102211119350388,0.20885509990166673,0.07102211119350388,0.009129798477630957
1786799522.401653,-2.2167877050523916,2.7458909055884346,0.7365351918297238,-2.0068669270851593,2.683682204332157,0.7437587530701596,0.218944411973361,-0.2099207779672323,0.06220870125627753,0.2099207779672323,0.06220870125627753,0.007223561240435772
1786799524.16834,-2.066151088953071,2.9158682826555853,0.7366403381905966,-1.8620925073327108,2.860378845812491,0.7442646982899138,0.21146863203339883,-0.2040585816203604,0.055489436843094264,0.2040585816203604,0.055489436843094264,0.007624360099317218
1786799525.601755,-1.8428475053937432,3.129287655353893,0.7360523511856679,-1.7446058029827014,3.0034629692976607,0.7442472796217012,0.1596348449235603,-0.0982417024110418,0.12582468605623243,0.0982417024110418,0.12582468605623243,0.00819492843603331
1786799526.468368,-1.6794627510310076,3.2614092916740622,0.7342459268909328,-1.6610944990952388,3.092734738129004,0.7430026325514579,0.1696717351028175,-0.018368251935768853,0.16867455354505845,0.018368251935768853,0.16867455354505845,0.00875670566052511
1786799528.601835,-1.6343000743786487,3.3154450255167807,0.733720435948593,-1.396003894776884,3.239643317066929,0.7419353663131354,0.2500619287630821,-0.23829617960176463,0.07580170844985146,0.23829617960176463,0.07580170844985146,0.00821493036454235
1786799529.735118,-1.4454731197287507,3.373577302812442,0.7354980540053779,-1.2534066299399538,3.281105644953989,0.7434714491236142,0.21316787752117058,-0.19206648978879692,0.0924716578584528,0.19206648978879692,0.0924716578584528,0.007973395118236248
1786799530.635194,-1.346055289238607,3.407335058716697,0.7351153220275496,-1.1499725367905258,3.316660835328636,0.7432540400315764,0.21603300811367573,-0.19608275244808127,0.09067422338806086,0.19608275244808127,0.09067422338806086,0.008138718004026768
1786799531.535173,-1.272522215949413,3.4421454286035567,0.7325671634714538,-1.0448434135598375,3.3561887884157997,0.7424306077908119,0.2433642969909902,-0.2276788023895755,0.08595664018775695,0.2276788023895755,0.08595664018775695,0.00986344431935815
1786799533.202213,-1.1118923355827817,3.5174615401907854,0.7343157757630564,-0.8569739605921315,3.447716038296255,0.7442487547890666,0.26428736810977876,-0.2549183749906502,0.06974550189453055,0.2549183749906502,0.06974550189453055,0.009932979026010202
1786799534.768626,-0.9510244373869225,3.606003504650857,0.733217895547586,-0.6822689020995397,3.542481968799122,0.7428606360504335,0.2761603216694443,-0.26875553528738283,0.06352153585173514,0.26875553528738283,0.06352153585173514,0.009642740502847524
1786799537.535287,-0.6423277346353484,3.7538072770273905,0.7344774561970708,-0.3758446912820675,3.7031197538309204,0.7427860708027227,0.2712608290974193,-0.26648304335328094,0.050687523196470075,0.26648304335328094,0.050687523196470075,0.00830861460565191
1786799539.635334,-0.5737209151742575,3.8378308780866606,0.7333997138544399,-0.09765174238248821,3.80012232888389,0.7420131615649038,0.4775602495660807,-0.4760691727917693,0.03770854920277067,0.4760691727917693,0.03770854920277067,0.008613447710463906
1786799540.501941,-0.36362617957921906,3.8017607793565484,0.7334345888726735,0.033198149934398895,3.80008991847248,0.742493641511843,0.3968278471453665,-0.39682432951361796,0.0016708608840683148,0.39682432951361796,0.0016708608840683148,0.009059052639169507
1786799543.368814,0.13480833330677022,3.5522388401289824,0.7328539102685473,0.41025009909544735,3.6349882101393347,0.7410673592594904,0.28760324159837747,-0.27544176578867713,-0.08274937001035232,0.27544176578867713,0.08274937001035232,0.008213448990943117
1786799545.035494,0.3315313397149431,3.4899751366757252,0.7358757531106428,0.5960836426553479,3.5581162006696396,0.7445898220578504,0.2731869791796352,-0.26455230294040477,-0.0681410639939144,0.26455230294040477,0.0681410639939144,0.00871406894720761
1786799546.502206,0.5780464256972282,3.432996357275566,0.7356196685028321,0.7755990125868611,3.5119220746958373,0.7427144567698244,0.21273526613396862,-0.19755258688963295,-0.0789257174202711,0.19755258688963295,0.0789257174202711,0.00709478826699228
1786799547.968914,0.8145618335315636,3.3892218595008843,0.7344615364937642,0.9548553727964713,3.475519360525036,0.7430899808083197,0.16471046063467742,-0.14029353926490762,-0.08629750102415157,0.14029353926490762,0.08629750102415157,0.00862844431455545
1786799548.968789,1.007961421266367,3.355318719148581,0.7345351701808985,1.0747320881868991,3.4519610037510446,0.7438342071839966,0.1174651145412807,-0.06677066692053213,-0.09664228460246349,0.06677066692053213,0.09664228460246349,0.009299037003098087
1786799551.168844,1.3367570559642545,3.2753859426364293,0.7356113869740213,1.3418909471558118,3.3889663734039415,0.7445151559606243,0.11369639876487013,-0.005133891191557272,-0.11358043076751212,0.005133891191557272,0.11358043076751212,0.008903768986603056
1786799552.502259,1.5594506199541533,3.2258362229794963,0.7364558068248512,1.507132502468011,3.3449128371449657,0.7438187354595621,0.13006315949724523,0.05231811748614246,-0.11907661416546933,0.05231811748614246,0.11907661416546933,0.007362928634710886
1786799553.135535,1.7160000314182604,3.1953547178411794,0.7354312004798841,1.5864940124179427,3.3235484457007374,0.7424993744179756,0.18222360116033556,0.12950601900031766,-0.12819372785955796,0.12950601900031766,0.12819372785955796,0.00706817393809156
1786799555.535657,2.0796813425666687,3.080604268109189,0.7360684029850475,1.8852279560487124,3.243730941304782,0.7439892878239918,0.2538157422938211,0.1944533865179563,-0.1631266731955927,0.1944533865179563,0.1631266731955927,0.007920884838944264
1786799558.935741,2.171823754119261,3.0767250171640135,0.7360826450814263,2.3090003018505896,3.13436756995445,0.743503111102564,0.14879539354322666,-0.13717654773132848,-0.05764255279043651,0.13717654773132848,0.05764255279043651,0.007420466021137662
1786799561.135734,2.506767127621228,2.9836951644757894,0.7342745264607008,2.5841610482630055,3.0632577406966743,0.7433656188837718,0.11099559670189554,-0.0773939206417773,-0.07956257622088492,0.0773939206417773,0.07956257622088492,0.009091092423071045
1786799561.602407,2.640175868993624,2.965051371109568,0.7347116634104756,2.642603474031683,3.0479347034119435,0.7430795872166126,0.08291887625726026,-0.0024276050380591663,-0.08288333230237566,0.0024276050380591663,0.08288333230237566,0.008367923806137045
1786799564.535786,3.048437383248947,2.849652838389021,0.7345623748178892,3.0085770091610997,2.953546786766132,0.743008029121734,0.11127803885677043,0.03986037408784737,-0.10389394837711086,0.03986037408784737,0.10389394837711086,0.008445654303844807
1786799567.102462,3.1405797948015395,2.845773587443846,0.7348016772363536,3.327986546146783,2.8715273352569866,0.7449945909974514,0.1891680363491697,-0.18740675134524354,-0.02575374781314066,0.18740675134524354,0.02575374781314066,0.010192913761097766
1786799568.669264,3.4291205333453583,2.7652063085258543,0.7342073624535156,3.524695762193733,2.821217094890975,0.7423823631031883,0.11077830364587814,-0.09557522884837466,-0.05601078636512069,0.09557522884837466,0.05601078636512069,0.008175000649672692
1786799571.30271,3.5212629448979507,2.761327057580679,0.7335807940314596,3.860149423298095,2.6947199065505205,0.7425981258226447,0.3453701750452779,-0.3388864784001444,0.06660715103015846,0.3388864784001444,0.06660715103015846,0.009017331791185135
1786799572.002579,3.7179128603891964,2.692391108890223,0.7338006307480701,3.943651446704667,2.660449030557793,0.7415850098847533,0.22798729289129746,-0.2257385863154706,0.03194207833242979,0.2257385863154706,0.03194207833242979,0.007784379136683173
1786799573.135946,3.9036197805848913,2.6448698797910497,0.7343983199728593,4.082445654416322,2.6030547158830744,0.7420547421030906,0.1836496694367446,-0.17882587383143056,0.04181516390797535,0.17882587383143056,0.04181516390797535,0.007656422130231322
1786799575.936123,3.9957621921374837,2.6409906288458744,0.7336905385502804,4.419524027374026,2.4783726965094366,0.7435187094937334,0.45389281214888216,-0.423761835236542,0.16261793233643784,0.423761835236542,0.16261793233643784,0.009828170943453007
1786799576.869347,4.204401987441961,2.581566295007582,0.7353831725686226,4.533595747111816,2.437992094664327,0.7440361753532866,0.35914075570697823,-0.3291937596698551,0.14357420034325497,0.3291937596698551,0.14357420034325497,0.008653002784663966
1786799577.569416,4.377274960698422,2.5399411951452473,0.7364476495978552,4.618861096235542,2.4075625779565466,0.7429378949039168,0.2754776926949845,-0.24158613553712005,0.1323786171887007,0.24158613553712005,0.1323786171887007,0.006490245306061571
1786799579.636086,4.727302330356724,2.412954857844401,0.7367472595826451,4.868746114891577,2.315519401099706,0.744221028721244,0.17175567651343926,-0.14144378453485285,0.09743545674469489,0.14144378453485285,0.09743545674469489,0.007473769138598874
1786799580.902859,4.958839923766911,2.3457431584930606,0.7362762362198384,5.0197828358832535,2.258640456653876,0.7433926228674193,0.10630578161561179,-0.060942912116342285,0.08710270183918478,0.060942912116342285,0.08710270183918478,0.007116386647580852
1786799581.23612,5.08939877263933,2.323431534560598,0.7348380388805357,5.0606858123216725,2.243317741058734,0.7427904752972014,0.08510378369651168,0.02871296031765791,0.08011379350186365,0.02871296031765791,0.08011379350186365,0.007952436416665765
1786799582.236174,5.306532856432479,2.2539879804712593,0.7342308172369544,5.182071546816691,2.198278139966657,0.7428722438156702,0.13636056585510828,0.12446130961578827,0.05570984050460215,0.12446130961578827,0.05570984050460215,0.008641426578715805
1786799583.402812,5.530625464348884,2.1871788815319517,0.7349029175336799,5.321747362224564,2.1458484138249063,0.7447399701915484,0.21292784953580163,0.20887810212432,0.041330467707045404,0.20887810212432,0.041330467707045404,0.009837052657868495
1786799584.069591,5.702498357392059,2.140537485889629,0.7362395779481278,5.402175242767443,2.116176902745899,0.7445972480880951,0.3013094940238905,0.30032311462461614,0.024360583143729908,0.30032311462461614,0.024360583143729908,0.008357670139967355
1786799585.469542,5.957532825406741,2.054885184975056,0.7342209807240443,5.572763242770655,2.0528456107145034,0.7431846652486761,0.3847749882530201,0.3847695826360855,0.002039574260552346,0.3847695826360855,0.002039574260552346,0.00896368452463181
1786799586.936298,6.233384992082267,1.955841157227362,0.7356286361513579,5.749641094603649,1.9875905782574224,0.7439169546408573,0.4847846780618668,0.4837438974786181,-0.0317494210300604,0.4837438974786181,0.0317494210300604,0.008288318489499402
1786799589.003033,6.5984351543760225,1.81703180436792,0.7351118776240222,6.000437945830384,1.8945142525336576,0.7435578588786009,0.6029960125922331,0.5979972085456389,-0.07748244816573768,0.5979972085456389,0.07748244816573768,0.008445981254578738
1786799590.002964,6.803184078426043,1.760148706596746,0.7347202723551567,6.121013140613298,1.8498378759100926,0.7435769110929259,0.6880416669711494,0.682170937812745,-0.08968916931334658,0.682170937812745,0.08968916931334658,0.008856638737769207
1786799590.469784,6.955692767095568,1.7247858472487383,0.7350982812497018,6.177103188421923,1.8289190643425366,0.7439452822740225,0.7855224114699138,0.7785895786736452,-0.1041332170937983,0.7785895786736452,0.1041332170937983,0.008847001024320678
1786799592.502992,7.04783517864816,1.7209065963035628,0.7353685396254296,6.431549399941929,1.7244026388204265,0.7428806681204991,0.6162956947349428,0.6162857787062315,-0.003496042516863751,0.6162857787062315,0.003496042516863751,0.007512128495069548
1786799593.269734,7.040488404370526,1.616450011868927,0.7334137124648924,6.520524731019642,1.666263648158652,0.7413267619129267,0.5223443499885396,0.5199636733508841,-0.049813636289725016,0.5199636733508841,0.049813636289725016,0.007913049448034282
1786799594.436376,6.981568128542844,1.548382213333971,0.7324255453248198,6.644366468499173,1.5694440393619,0.7427094024177914,0.3378587871461073,0.3372016600436716,-0.021061826027928943,0.3372016600436716,0.021061826027928943,0.010283857092971527
1786799595.436587,7.034473415990769,1.3727315162814657,0.7330808081666529,6.7459599896994735,1.494864814750837,0.7427480321070576,0.3132994410230433,0.2885134262912956,-0.12213329846937127,0.2885134262912956,0.12213329846937127,0.009667223940404757
1786799599.96989,7.008267201305249,1.2475663763629332,0.735274725973853,7.232895345676665,1.1830455930313855,0.7445058074307397,0.23371079291607894,-0.2246281443714162,0.06452078333154776,0.2246281443714162,0.06452078333154776,0.00923108145688667
1786799601.136569,6.949346925477567,1.1794985778279772,0.7347923410584444,7.3611329336245435,1.1052657055934598,0.7429331829875163,0.41842351251549914,-0.41178600814697663,0.07423287223451736,0.41178600814697663,0.07423287223451736,0.00814084192907194
1786799602.36988,6.890426649649885,1.1114307792930214,0.7351720440849646,7.4988829223273825,1.0045565809291177,0.7428808945558981,0.6177710984147127,-0.6084562726774978,0.10687419836390366,0.6084562726774978,0.10687419836390366,0.007708850470933504
1786799603.270001,6.944380752390817,0.8158388463614274,0.7334603555229912,7.58633489435198,0.9062418207190299,0.7415472933062767,0.6482883757663671,-0.641954141961163,-0.09040297435760247,0.641954141961163,0.09040297435760247,0.008086937783285508
1786799604.271617,6.9447859344909,0.4516755938237482,0.7336590884278336,7.654786520229426,0.7708171008579361,0.7428156411480811,0.778429273127047,-0.7100005857385261,-0.31914150703418787,0.7100005857385261,0.31914150703418787,0.009156552720247513
1786799606.536652,6.885865658663218,0.3836077952887924,0.7329536897651381,7.649833788715675,0.39279044955922854,0.7418484108267184,0.7640233143532325,-0.763968130052457,-0.00918265427043613,0.763968130052457,0.00918265427043613,0.00889472106158029
1786799608.503433,6.826945382835537,0.3155399967538366,0.7335051150282477,7.439694694943769,0.10557662734850712,0.7435574427729408,0.6477239658845039,-0.6127493121082317,0.20996336940532948,0.6127493121082317,0.20996336940532948,0.010052327744693113
1786799610.10345,6.768025107007855,0.24747219821888078,0.7337699188576632,7.172202318391344,-0.004482633048822758,0.7404048883386588,0.4762777080662821,-0.40417721138348917,0.2519548312677035,0.40417721138348917,0.2519548312677035,0.006634969480995623
1786799610.536704,6.672668858060032,0.1922525592217732,0.7319866211903207,7.104212657004353,-0.014646612352332491,0.7396372815967736,0.47857843412062323,-0.43154379894432093,0.2068991715741057,0.43154379894432093,0.2068991715741057,0.007650660406452903
1786799611.603428,6.368891476123974,0.08125672532774164,0.7332578127622873,6.970491576039127,-0.044131503904920356,0.7431521896868293,0.6145281834448478,-0.601600099915153,0.125388229232662,0.601600099915153,0.125388229232662,0.009894376924541981
1786799613.103493,6.170122889447561,-0.013753347783276304,0.734062221406949,6.801164982820565,-0.11134386841088134,0.7436018175414536,0.6385436816107027,-0.6310420933730043,0.09759052062760504,0.6310420933730043,0.09759052062760504,0.009539596134504613
1786799614.436835,5.912102975685322,-0.17515128672100744,0.7333800973870045,6.656105579999096,-0.20220407539739638,0.7425449229059277,0.7444942770772975,-0.7440026043137742,0.02705278867638894,0.7440026043137742,0.02705278867638894,0.00916482551892317
1786799615.370179,5.779768931776106,-0.2998094759909784,0.7332783172586429,6.564753106768812,-0.2697282244829843,0.7432422024287252,0.7855603329352029,-0.7849841749927062,-0.030081251507994122,0.7849841749927062,0.030081251507994122,0.009963885170082287
1786799617.370153,5.737585436395686,-0.3588369487826564,0.7334113116174495,6.375218599268662,-0.41080897797700017,0.7430665035228547,0.6397477176309209,-0.6376331628729757,0.051972029194343794,0.6376331628729757,0.051972029194343794,0.009655191905405203
1786799618.903656,5.494921270027817,-0.5187535541271222,0.7335610827775901,6.2201079709738245,-0.5127603837131374,0.7442475553709895,0.7252114652434596,-0.7251867009460078,-0.0059931704139848385,0.7251867009460078,0.0059931704139848385,0.010686472593399388
1786799621.537001,5.436000994200134,-0.5868213526620782,0.7331929953089601,5.932811660133685,-0.6828640934060453,0.7425081775048451,0.506008938493137,-0.49681066593355094,0.09604274074396701,0.49681066593355094,0.09604274074396701,0.009315182195885008
1786799624.00368,5.3770807183724525,-0.6548891511970338,0.733127665898204,5.659310201171506,-0.8426561412517407,0.7427675061801169,0.3389836626081344,-0.28222948279905324,0.18776699005470687,0.28222948279905324,0.18776699005470687,0.009639840281912893
1786799624.50367,5.251084085428161,-0.7548701154710498,0.733294886867904,5.604047463082688,-0.8756882496823186,0.7430132262544897,0.3730685828632378,-0.3529633776545271,0.12081813421126886,0.3529633776545271,0.12081813421126886,0.009718339386585728
1786799626.236986,5.19216380960048,-0.8229379140060058,0.7335266092369582,5.403434836747526,-0.9914657107420584,0.7423840420906122,0.27025370521877445,-0.21127102714704638,0.16852779673605256,0.21127102714704638,0.16852779673605256,0.008857432853653924
1786799627.603783,5.062843125349225,-0.9213555224514423,0.7347385780939102,5.218859417893276,-1.0530510476953379,0.7420290603693727,0.2041685453453991,-0.15601629254405047,0.1316955252438956,0.15601629254405047,0.1316955252438956,0.007290482275462473
1786799629.303835,5.003922849521543,-0.9894233209863978,0.7357600368868463,4.999431296924484,-1.0921174037730201,0.7439373300611143,0.10279225984536863,0.004491552597059467,0.10269408278662229,0.004491552597059467,0.10269408278662229,0.008177293174267963
1786799632.537147,4.945002573693861,-1.0574911195213539,0.7354819278081849,4.598869483467769,-1.1944773219890428,0.7428953196546061,0.3722543966375453,0.3461330902260924,0.1369862024676889,0.3461330902260924,0.1369862024676889,0.007413391846421202
1786799634.9706,4.916831141527045,-1.1221167593527557,0.7360370009814158,4.307226054316289,-1.2896915797991433,0.7444882292309054,0.6322180658608805,0.6096050872107561,0.1675748204463876,0.6096050872107561,0.1675748204463876,0.008451228249489628
1786799636.737257,4.857910865699363,-1.1901845578877113,0.7354672881976959,4.090409964032415,-1.3567681035429093,0.7431942448137191,0.7853710662754493,0.7675009016669483,0.16658354565519806,0.7675009016669483,0.16658354565519806,0.007726956616023184
1786799637.9373,4.665979025572359,-1.2842885398864006,0.7346873931976742,3.9427395674468775,-1.400323226125003,0.7431428002247135,0.7324884724008506,0.723239458125482,0.11603468623860236,0.723239458125482,0.11603468623860236,0.008455407027039286
1786799639.637415,4.397154029414311,-1.3834651732222722,0.7354036173221208,3.7323148300734474,-1.4621644859447036,0.7430473927245022,0.6694809502914808,0.664839199340864,0.07869931272243136,0.664839199340864,0.07869931272243136,0.00764377540238137
1786799640.903944,4.18890917425765,-1.480924664043319,0.7343904812637437,3.57444471138768,-1.5084625474205666,0.7433672263204947,0.6150812232144461,0.6144644628699698,0.02753788337724772,0.6144644628699698,0.02753788337724772,0.008976745056750945
1786799642.537434,3.9572204056150158,-1.5774092158050939,0.7353566514755474,3.3754022195202626,-1.568230496906133,0.7441002683012174,0.5818905829717602,0.5818181860947531,-0.009178718898960936,0.5818181860947531,0.009178718898960936,0.008743616825670042
1786799643.537397,3.7739948600413427,-1.6648527775544262,0.7333509159558959,3.252402622861257,-1.6051772275886638,0.7414784345697458,0.5249948886896358,0.5215922371800858,-0.05967554996576241,0.5215922371800858,0.05967554996576241,0.008127518613849971
1786799645.337534,3.6354764269597655,-1.745748222144609,0.7329040404604463,3.164228316914088,-1.632395938808542,0.7451868974044088,0.48468909762766793,0.47124811004567757,-0.11335228333606695,0.47124811004567757,0.11335228333606695,0.012282856943962472
